servicio_id;tipo_documento_id;url_documento;created;changed
134;15;documentos/imagen_7.jpg;;
134;16;documentos/imagen_8_0.jpg;;
134;14;documentos/imagen_9_1.jpg;;
134;14;documentos/imagen_10_0.jpg;;
144;15;documentos/imagen_12.jpg;;
144;16;documentos/imagen_13.jpg;;
144;14;documentos/imagen_14_0.jpg;;
144;14;documentos/imagen_15_0.jpg;;
151;15;documentos/imagen_16.jpg;;
151;16;documentos/imagen_17.jpg;;
158;15;documentos/imagen_21.jpg;;
158;14;documentos/imagen_22.jpg;;
158;14;documentos/imagen_23.jpg;;
158;16;documentos/imagen_24.jpg;;
171;15;documentos/imagen_25.jpg;;
171;14;documentos/imagen_26.jpg;;
171;14;documentos/imagen_27.jpg;;
171;16;documentos/imagen_28.jpg;;
176;15;documentos/imagen_29.jpg;;
176;16;documentos/imagen_30.jpg;;
176;14;documentos/imagen_32.jpg;;
186;16;documentos/imagen_33.jpg;;
186;15;documentos/imagen_35.jpg;;
186;14;documentos/imagen_36.jpg;;
186;14;documentos/imagen_37.jpg;;
197;15;documentos/imagen_38.jpg;;
197;16;documentos/imagen_39.jpg;;
197;14;documentos/imagen_40.jpg;;
197;14;documentos/imagen_41.jpg;;
201;15;documentos/imagen_42.jpg;;
201;16;documentos/imagen_51.jpg;;
201;14;documentos/imagen.jpg;;
201;14;documentos/imagen_44.jpg;;
212;15;documentos/imagen_60.jpg;;
212;16;documentos/imagen_61.jpg;;
212;14;documentos/imagen_62.jpg;;
212;14;documentos/imagen_63.jpg;;
223;15;documentos/imagen_55.jpg;;
223;16;documentos/imagen_57.jpg;;
223;14;documentos/imagen_58_0.jpg;;
223;14;documentos/imagen_59.jpg;;
227;15;documentos/imagen_52_0.jpg;;
227;16;documentos/imagen_53_0.jpg;;
227;14;documentos/imagen_2.jpg;;
227;14;documentos/imagen_54_0.jpg;;
234;15;documentos/imagen_64.jpg;;
234;16;documentos/imagen_65_1.jpg;;
234;14;documentos/imagen_66.jpg;;
234;14;documentos/imagen_67.jpg;;
243;15;documentos/imagen_69.jpg;;
243;16;documentos/imagen_70.jpg;;
243;14;documentos/imagen_72.jpg;;
243;14;documentos/imagen_73.jpg;;
253;15;documentos/imagen_75.jpg;;
253;14;documentos/imagen_76.jpg;;
253;14;documentos/imagen_77.jpg;;
259;15;documentos/imagen_78.jpg;;
259;16;documentos/imagen_79.jpg;;
259;14;documentos/imagen_80.jpg;;
259;14;documentos/imagen_81.jpg;;
272;15;documentos/imagen_82.jpg;;
272;14;documentos/imagen_83.jpg;;
272;14;documentos/imagen_84.jpg;;
280;15;documentos/imagen_86.jpg;;
286;15;documentos/imagen_87.jpg;;
286;14;documentos/imagen_88.jpg;;
295;15;documentos/imagen_89.jpg;;
305;15;documentos/imagen_90_1.jpg;;
333;15;documentos/imagen_91.jpg;;
333;14;documentos/imagen_92.jpg;;
333;14;documentos/imagen_93.jpg;;
388;15;documentos/imagen_94.jpg;;
388;16;documentos/imagen_95.jpg;;
388;14;documentos/imagen_96.jpg;;
388;14;documentos/imagen_97.jpg;;
412;15;documentos/imagen_98.jpg;;
412;16;documentos/imagen_101.jpg;;
412;14;documentos/imagen_99.jpg;;
412;14;documentos/imagen_100.jpg;;
443;15;documentos/imagen_103.jpg;;
443;16;documentos/imagen_105.jpg;;
443;14;documentos/imagen_106.jpg;;
443;14;documentos/imagen_107.jpg;;
462;15;documentos/imagen_110.jpg;;
462;14;documentos/imagen_111.jpg;;
462;14;documentos/imagen_112.jpg;;
462;16;documentos/imagen_113.jpg;;
457;15;documentos/imagen_114.jpg;;
457;14;documentos/imagen_115_0.jpg;;
457;14;documentos/imagen_116.jpg;;
472;15;documentos/imagen_118.jpg;;
472;14;documentos/imagen_119.jpg;;
472;14;documentos/imagen_0.jpg;;
457;16;documentos/imagen_122.jpg;;
483;15;documentos/imagen_123.jpg;;
483;16;documentos/imagen_124.jpg;;
483;14;documentos/imagen_125.jpg;;
483;14;documentos/imagen_3.jpg;;
604;15;documentos/imagen_126.jpg;;
604;14;documentos/imagen_130.jpg;;
604;14;documentos/imagen_131.jpg;;
